-- MySQL dump 10.13  Distrib 5.1.51, for redhat-linux-gnu (i386)
--
-- Host: localhost    Database: mabinogi_dev
-- ------------------------------------------------------
-- Server version	5.1.51

/*!40101 SET @OLD_CHARACTER_SET_CLIENT=@@CHARACTER_SET_CLIENT */;
/*!40101 SET @OLD_CHARACTER_SET_RESULTS=@@CHARACTER_SET_RESULTS */;
/*!40101 SET @OLD_COLLATION_CONNECTION=@@COLLATION_CONNECTION */;
/*!40101 SET NAMES utf8 */;
/*!40103 SET @OLD_TIME_ZONE=@@TIME_ZONE */;
/*!40103 SET TIME_ZONE='+00:00' */;
/*!40014 SET @OLD_UNIQUE_CHECKS=@@UNIQUE_CHECKS, UNIQUE_CHECKS=0 */;
/*!40014 SET @OLD_FOREIGN_KEY_CHECKS=@@FOREIGN_KEY_CHECKS, FOREIGN_KEY_CHECKS=0 */;
/*!40101 SET @OLD_SQL_MODE=@@SQL_MODE, SQL_MODE='NO_AUTO_VALUE_ON_ZERO' */;
/*!40111 SET @OLD_SQL_NOTES=@@SQL_NOTES, SQL_NOTES=0 */;

--
-- Table structure for table `genre`
--

DROP TABLE IF EXISTS `genre`;
/*!40101 SET @saved_cs_client     = @@character_set_client */;
/*!40101 SET character_set_client = utf8 */;
CREATE TABLE `genre` (
  `id` int(10) unsigned NOT NULL AUTO_INCREMENT COMMENT 'id',
  `label` varchar(16) CHARACTER SET utf8 COLLATE utf8_bin NOT NULL COMMENT 'label',
  `name` varchar(32) NOT NULL COMMENT 'name',
  `created_at` datetime DEFAULT NULL COMMENT 'created_at',
  `updated_at` datetime DEFAULT NULL COMMENT 'updated_at',
  PRIMARY KEY (`id`),
  UNIQUE KEY `label` (`label`)
) ENGINE=InnoDB AUTO_INCREMENT=9 DEFAULT CHARSET=utf8;
/*!40101 SET character_set_client = @saved_cs_client */;

--
-- Dumping data for table `genre`
--

LOCK TABLES `genre` WRITE;
/*!40000 ALTER TABLE `genre` DISABLE KEYS */;
INSERT INTO `genre` VALUES (1,'life','生活',NULL,NULL),(2,'combat','戦闘',NULL,NULL),(3,'magic','魔法',NULL,NULL),(4,'alchemy','錬金術',NULL,NULL),(5,'paladin','パラディン',NULL,NULL),(6,'darkknight','ダークナイト',NULL,NULL),(7,'beast','野獣化',NULL,NULL),(8,'god','半神化',NULL,NULL);
/*!40000 ALTER TABLE `genre` ENABLE KEYS */;
UNLOCK TABLES;

--
-- Table structure for table `pc`
--

DROP TABLE IF EXISTS `pc`;
/*!40101 SET @saved_cs_client     = @@character_set_client */;
/*!40101 SET character_set_client = utf8 */;
CREATE TABLE `pc` (
  `id` int(10) unsigned NOT NULL AUTO_INCREMENT COMMENT 'id',
  `rid` varchar(10) CHARACTER SET utf8 COLLATE utf8_bin NOT NULL COMMENT 'rid',
  `user_id` int(10) unsigned NOT NULL COMMENT 'user_id',
  `main_fg` enum('yes','no') NOT NULL DEFAULT 'no' COMMENT 'main_fg',
  `name` varchar(16) NOT NULL COMMENT 'name',
  `profile` text,
  `status` enum('private','public','deleted') NOT NULL DEFAULT 'private' COMMENT 'status',
  `rank` enum('member','sub','master') NOT NULL DEFAULT 'member',
  `created_at` datetime DEFAULT NULL COMMENT 'created_on',
  `updated_at` datetime DEFAULT NULL COMMENT 'updated_on',
  PRIMARY KEY (`id`),
  UNIQUE KEY `pc_IX1` (`rid`)
) ENGINE=InnoDB AUTO_INCREMENT=5 DEFAULT CHARSET=utf8;
/*!40101 SET character_set_client = @saved_cs_client */;

--
-- Dumping data for table `pc`
--

LOCK TABLES `pc` WRITE;
/*!40000 ALTER TABLE `pc` DISABLE KEYS */;
INSERT INTO `pc` VALUES (1,'hakRHOXQM8',1,'no','扇花',NULL,'public','member','2010-10-20 21:51:07','2010-10-20 21:51:07'),(2,'V7jGnrA1XH',1,'no','扇花',NULL,'public','member','2010-10-20 21:51:59','2010-10-20 21:51:59'),(3,'2Uo9099b3b',1,'yes','扇花',NULL,'private','member','2010-10-20 21:56:28','2010-10-20 21:56:28'),(4,'onLBkPdOnE',1,'no','rlim',NULL,'public','member','2010-10-20 22:11:22','2010-10-20 22:11:22');
/*!40000 ALTER TABLE `pc` ENABLE KEYS */;
UNLOCK TABLES;

--
-- Table structure for table `pc_skill`
--

DROP TABLE IF EXISTS `pc_skill`;
/*!40101 SET @saved_cs_client     = @@character_set_client */;
/*!40101 SET character_set_client = utf8 */;
CREATE TABLE `pc_skill` (
  `id` int(10) unsigned NOT NULL AUTO_INCREMENT COMMENT 'id',
  `rid` varchar(10) CHARACTER SET utf8 COLLATE utf8_bin NOT NULL,
  `pc_id` int(10) unsigned NOT NULL COMMENT 'pc_id',
  `skill_id` int(10) unsigned NOT NULL COMMENT 'skill_id',
  `rank` int(11) unsigned NOT NULL COMMENT 'rank',
  `created_at` datetime DEFAULT NULL COMMENT 'created_at',
  `updated_at` datetime DEFAULT NULL COMMENT 'updated_at',
  PRIMARY KEY (`id`)
) ENGINE=InnoDB AUTO_INCREMENT=82 DEFAULT CHARSET=utf8;
/*!40101 SET character_set_client = @saved_cs_client */;

--
-- Dumping data for table `pc_skill`
--

LOCK TABLES `pc_skill` WRITE;
/*!40000 ALTER TABLE `pc_skill` DISABLE KEYS */;
INSERT INTO `pc_skill` VALUES (5,'7fCChBJE8G',2,1,9,'2010-10-20 21:51:59','2010-10-20 21:51:59'),(6,'Buq8ah0GRW',2,2,3,'2010-10-20 21:51:59','2010-10-20 21:51:59'),(7,'c09atTgLK3',2,32,15,'2010-10-20 21:51:59','2010-10-20 21:51:59'),(8,'BFkMcAez8Y',2,33,15,'2010-10-20 21:51:59','2010-10-20 21:51:59'),(9,'PpWJesOmL5',4,1,9,'2010-10-20 22:11:22','2010-10-20 22:11:22'),(10,'z5b1YHFs3b',4,2,8,'2010-10-20 22:11:22','2010-10-20 22:11:22'),(11,'L0dPQyarBb',4,3,8,'2010-10-20 22:11:22','2010-10-20 22:11:22'),(12,'vqLdqhMoos',4,4,15,'2010-10-20 22:11:22','2010-10-20 22:11:22'),(13,'WbxUsgjuwB',4,5,14,'2010-10-20 22:11:23','2010-10-20 22:11:23'),(14,'d8uUvL6pcG',4,6,6,'2010-10-20 22:11:23','2010-10-20 22:11:23'),(15,'aF3irHttkr',4,7,0,'2010-10-20 22:11:23','2010-10-20 22:11:23'),(16,'etIKZqBw3c',4,8,15,'2010-10-20 22:11:23','2010-10-20 22:11:23'),(17,'Twbklp0Jvy',4,9,1,'2010-10-20 22:11:23','2010-10-20 22:11:23'),(18,'LDFop2EwlS',4,10,5,'2010-10-20 22:11:23','2010-10-20 22:11:23'),(19,'Chdq7jVZZh',4,11,6,'2010-10-20 22:11:23','2010-10-20 22:11:23'),(20,'IverxTNs9S',4,12,5,'2010-10-20 22:11:23','2010-10-20 22:11:23'),(21,'wUHqQRKKfS',4,13,6,'2010-10-20 22:11:23','2010-10-20 22:11:23'),(22,'0lL8XOyOEn',4,14,1,'2010-10-20 22:11:23','2010-10-20 22:11:23'),(23,'JJTXCQj97l',4,15,11,'2010-10-20 22:11:23','2010-10-20 22:11:23'),(24,'Z8HXzvNKs8',4,16,10,'2010-10-20 22:11:23','2010-10-20 22:11:23'),(25,'i9RRE7h8r9',4,17,12,'2010-10-20 22:11:23','2010-10-20 22:11:23'),(26,'3QeT98tyV3',4,18,9,'2010-10-20 22:11:23','2010-10-20 22:11:23'),(27,'eCUb5WNVhs',4,19,9,'2010-10-20 22:11:23','2010-10-20 22:11:23'),(28,'7GWJdyHIKC',4,20,16,'2010-10-20 22:11:23','2010-10-20 22:11:23'),(29,'VmkGASE1SF',4,21,15,'2010-10-20 22:11:23','2010-10-20 22:11:23'),(30,'NQPazYS5v2',4,22,1,'2010-10-20 22:11:23','2010-10-20 22:11:23'),(31,'UbflY0ZddD',4,23,7,'2010-10-20 22:11:23','2010-10-20 22:11:23'),(32,'IobNrhmDKa',4,24,16,'2010-10-20 22:11:23','2010-10-20 22:11:23'),(33,'auHxJZGTSS',4,25,13,'2010-10-20 22:11:23','2010-10-20 22:11:23'),(34,'f80IxiWu7O',4,26,8,'2010-10-20 22:11:23','2010-10-20 22:11:23'),(35,'8FnXKKYs90',4,27,1,'2010-10-20 22:11:23','2010-10-20 22:11:23'),(36,'m4aeSGzeXu',4,28,15,'2010-10-20 22:11:23','2010-10-20 22:11:23'),(37,'mgAzIuV45a',4,32,7,'2010-10-20 22:11:23','2010-10-20 22:11:23'),(38,'5Ip2mdigQp',4,33,7,'2010-10-20 22:11:23','2010-10-20 22:11:23'),(39,'F7skxPH5vZ',4,34,1,'2010-10-20 22:11:23','2010-10-20 22:11:23'),(40,'Y0x3vNrM4R',4,36,5,'2010-10-20 22:11:23','2010-10-20 22:11:23'),(41,'QWjVHFiGHn',4,40,7,'2010-10-20 22:11:23','2010-10-20 22:11:23'),(42,'bXv8c3SsgF',4,41,11,'2010-10-20 22:11:23','2010-10-20 22:11:23'),(43,'rf9kzdALKT',4,42,3,'2010-10-20 22:11:23','2010-10-20 22:11:23'),(44,'O98eCOF10c',4,45,10,'2010-10-20 22:11:23','2010-10-20 22:11:23'),(45,'msinpn70Y7',4,46,4,'2010-10-20 22:11:23','2010-10-20 22:11:23'),(46,'sffzBH8k9p',4,47,12,'2010-10-20 22:11:23','2010-10-20 22:11:23'),(47,'ywOyaPtXJK',4,48,6,'2010-10-20 22:11:23','2010-10-20 22:11:23'),(48,'AWOZLykJ84',4,49,1,'2010-10-20 22:11:23','2010-10-20 22:11:23'),(49,'HXWCn2d0tT',4,50,9,'2010-10-20 22:11:23','2010-10-20 22:11:23'),(50,'1vDamU7LoE',4,51,10,'2010-10-20 22:11:23','2010-10-20 22:11:23'),(51,'k04UOwpDRs',4,52,1,'2010-10-20 22:11:23','2010-10-20 22:11:23'),(52,'wkaNEtDUuL',4,53,5,'2010-10-20 22:11:23','2010-10-20 22:11:23'),(53,'bVqrJElBit',4,54,4,'2010-10-20 22:11:23','2010-10-20 22:11:23'),(54,'5hzB8HnZG4',4,55,1,'2010-10-20 22:11:23','2010-10-20 22:11:23'),(55,'AjIys8bvgs',4,56,6,'2010-10-20 22:11:23','2010-10-20 22:11:23'),(56,'JAejkpCNhh',4,57,0,'2010-10-20 22:11:23','2010-10-20 22:11:23'),(57,'92NuBGhHwh',4,58,0,'2010-10-20 22:11:23','2010-10-20 22:11:23'),(58,'MeH70oAAIz',4,59,3,'2010-10-20 22:11:23','2010-10-20 22:11:23'),(59,'7ARuWw3HZ4',4,60,0,'2010-10-20 22:11:23','2010-10-20 22:11:23'),(60,'AyKDnc7m4D',4,61,0,'2010-10-20 22:11:23','2010-10-20 22:11:23'),(61,'Z6adxrbHaF',4,62,0,'2010-10-20 22:11:23','2010-10-20 22:11:23'),(62,'QUjCDB7Ujd',4,63,2,'2010-10-20 22:11:23','2010-10-20 22:11:23'),(63,'iuWie5tkLO',4,64,3,'2010-10-20 22:11:23','2010-10-20 22:11:23'),(64,'OBu5RsvX5O',4,65,3,'2010-10-20 22:11:23','2010-10-20 22:11:23'),(65,'82PnPSyI4C',4,66,0,'2010-10-20 22:11:23','2010-10-20 22:11:23'),(66,'m6itNSBEBz',4,67,0,'2010-10-20 22:11:23','2010-10-20 22:11:23'),(67,'Bmqh3j6nQQ',4,68,12,'2010-10-20 22:11:23','2010-10-20 22:11:23'),(68,'SZjcWSFm6f',4,69,0,'2010-10-20 22:11:23','2010-10-20 22:11:23'),(69,'PVQIFU1RtT',4,70,0,'2010-10-20 22:11:23','2010-10-20 22:11:23'),(70,'cFx7AJSSSN',4,80,15,'2010-10-20 22:11:23','2010-10-20 22:11:23'),(71,'HItwZo3EUk',4,81,11,'2010-10-20 22:11:23','2010-10-20 22:11:23'),(72,'F6m7xBfdOP',4,82,15,'2010-10-20 22:11:23','2010-10-20 22:11:23'),(73,'gOxQGn8nj2',4,83,11,'2010-10-20 22:11:23','2010-10-20 22:11:23'),(74,'GC9QFflfpV',4,84,9,'2010-10-20 22:11:23','2010-10-20 22:11:23'),(75,'iVRNO7RPpE',4,85,1,'2010-10-20 22:11:23','2010-10-20 22:11:23'),(76,'sCjXSGOJOC',4,86,1,'2010-10-20 22:11:23','2010-10-20 22:11:23'),(77,'gmcZwLgIQv',4,87,1,'2010-10-20 22:11:23','2010-10-20 22:11:23'),(78,'HfTCsGQcgm',4,104,15,'2010-10-20 22:11:23','2010-10-20 22:11:23'),(79,'ZsExoX9fHX',4,105,15,'2010-10-20 22:11:23','2010-10-20 22:11:23'),(80,'9tMrhWG4YE',4,106,15,'2010-10-20 22:11:23','2010-10-20 22:11:23'),(81,'wral4THiZN',4,107,1,'2010-10-20 22:11:23','2010-10-20 22:11:23');
/*!40000 ALTER TABLE `pc_skill` ENABLE KEYS */;
UNLOCK TABLES;

--
-- Table structure for table `skill`
--

DROP TABLE IF EXISTS `skill`;
/*!40101 SET @saved_cs_client     = @@character_set_client */;
/*!40101 SET character_set_client = utf8 */;
CREATE TABLE `skill` (
  `id` int(10) unsigned NOT NULL AUTO_INCREMENT COMMENT 'id',
  `rid` varchar(10) CHARACTER SET utf8 COLLATE utf8_bin NOT NULL COMMENT 'rid',
  `name` varchar(32) NOT NULL COMMENT 'name',
  `min` int(11) NOT NULL COMMENT 'rank',
  `max` int(11) NOT NULL,
  `type_data` varchar(255) NOT NULL,
  `genre_id` int(10) unsigned NOT NULL COMMENT 'genre_id',
  `created_at` datetime DEFAULT NULL COMMENT 'created_at',
  `updated_at` datetime DEFAULT NULL COMMENT 'updated_at',
  PRIMARY KEY (`id`)
) ENGINE=InnoDB AUTO_INCREMENT=110 DEFAULT CHARSET=utf8;
/*!40101 SET character_set_client = @saved_cs_client */;

--
-- Dumping data for table `skill`
--

LOCK TABLES `skill` WRITE;
/*!40000 ALTER TABLE `skill` DISABLE KEYS */;
INSERT INTO `skill` VALUES (1,'WJj25CodUs','休憩',0,9,'[]',1,'2010-10-13 01:42:42','2010-10-13 01:42:42'),(2,'O84LcWR1Pj','キャンプファイア',0,8,'[]',1,'2010-10-13 01:42:43','2010-10-13 01:42:43'),(3,'jAtjrKliGI','応急治療',0,8,'[]',1,'2010-10-13 01:42:43','2010-10-13 01:42:43'),(4,'irANriMuZx','メイキングマスタリ',0,16,'[]',1,'2010-10-13 01:42:43','2010-10-13 01:42:43'),(5,'PDoaAKC4TQ','薬草学',0,16,'[]',1,'2010-10-13 01:42:43','2010-10-13 01:42:43'),(6,'LOnGZXHec7','紡織',0,16,'[]',1,'2010-10-13 01:42:43','2010-10-13 01:42:43'),(7,'rrlF11nSEt','裁縫',0,19,'[]',1,'2010-10-13 01:42:43','2010-10-13 01:42:43'),(8,'it7GXxoId8','製錬',0,16,'[]',1,'2010-10-13 01:42:43','2010-10-13 01:42:43'),(9,'RD0D4kzfSf','鍛冶',0,19,'[]',1,'2010-10-13 01:42:43','2010-10-13 01:42:43'),(10,'zL8y1q4DCW','料理',0,10,'[]',1,'2010-10-13 01:42:43','2010-10-13 01:42:43'),(11,'IjMlCUdxUJ','ポーション調合',0,16,'[]',1,'2010-10-13 01:42:43','2010-10-13 01:42:43'),(12,'PVrSSQRj1F','釣り',0,16,'[]',1,'2010-10-13 01:42:43','2010-10-13 01:42:43'),(13,'CLzRapFvHX','ハンディクラフト',0,10,'[]',1,'2010-10-13 01:42:43','2010-10-13 01:42:43'),(14,'DH4elmovly','鉱物採取',0,16,'[]',1,'2010-10-13 01:42:43','2010-10-13 01:42:43'),(15,'EC7ey0tp1c','木工',0,16,'[]',1,'2010-10-13 01:42:43','2010-10-13 01:42:43'),(16,'pRc9oNX5Sx','音楽知識',0,10,'[]',1,'2010-10-13 01:42:43','2010-10-13 01:42:43'),(17,'ZBtn1iPpgI','楽器演奏',0,16,'[]',1,'2010-10-13 01:42:43','2010-10-13 01:42:43'),(18,'mA9T5hNXwM','作曲',0,9,'[]',1,'2010-10-13 01:42:43','2010-10-13 01:42:43'),(19,'WFBOli5NLO','野生動物調教',0,10,'[]',1,'2010-10-13 01:42:43','2010-10-13 01:42:43'),(20,'mVStdxdHaD','アタック',0,19,'[]',2,'2010-10-13 01:42:43','2010-10-13 01:42:43'),(21,'I5MdkEF72R','クリティカルヒット',0,16,'[]',2,'2010-10-13 01:42:43','2010-10-13 01:42:43'),(22,'V0MSE5T0TR','スマッシュ',0,19,'[]',2,'2010-10-13 01:42:43','2010-10-13 01:42:43'),(23,'mybS3ay9so','ディフェンス',0,19,'[]',2,'2010-10-13 01:42:43','2010-10-13 01:42:43'),(24,'FrH8hqcbhy','カウンターアタック',0,19,'[]',2,'2010-10-13 01:42:43','2010-10-13 01:42:43'),(25,'pi8WZzxCm6','ウィンドミル',0,19,'[]',2,'2010-10-13 01:42:43','2010-10-13 01:42:43'),(26,'NGnxXeNfj0','突進',0,10,'[]',2,'2010-10-13 01:42:43','2010-10-13 01:42:43'),(27,'BORiN4LXis','回避',0,10,'[]',2,'2010-10-13 01:42:43','2010-10-13 01:42:43'),(28,'qZqIoV8rPG','ファイナルヒット',0,16,'[\"H\"]',2,'2010-10-13 01:42:43','2010-10-13 01:42:43'),(29,'lVIop7FuQZ','ストンプ',0,16,'[\"G\"]',2,'2010-10-13 01:42:43','2010-10-13 01:42:43'),(30,'hNUVATo1on','ウィンドブレイカー',0,16,'[\"G\"]',2,'2010-10-13 01:42:43','2010-10-13 01:42:43'),(31,'dm9HtrIyC4','タウント',0,16,'[\"G\"]',2,'2010-10-13 01:42:43','2010-10-13 01:42:43'),(32,'GpYnYkGkgA','レンジアタック',0,16,'[\"H\",\"E\"]',2,'2010-10-13 01:42:43','2010-10-13 01:42:43'),(33,'kNGDAisc4d','マグナムショット',0,16,'[\"H\",\"E\"]',2,'2010-10-13 01:42:43','2010-10-13 01:42:43'),(34,'YMZREfwUFR','サポートショット',0,16,'[\"H\",\"E\"]',2,'2010-10-13 01:42:43','2010-10-13 01:42:43'),(35,'y8Dp4miyFO','クラッシュショット',0,16,'[\"H\",\"E\"]',2,'2010-10-13 01:42:43','2010-10-13 01:42:43'),(36,'ZPGcagXvIK','アローリボルバー',0,16,'[\"H\"]',2,'2010-10-13 01:42:43','2010-10-13 01:42:43'),(37,'2IkeyOH79q','ミラージュミサイル',0,16,'[\"E\"]',2,'2010-10-13 01:42:43','2010-10-13 01:42:43'),(38,'WKIjSYlX6t','ファイナルショット',0,16,'[\"E\"]',2,'2010-10-13 01:42:43','2010-10-13 01:42:43'),(39,'5ExDBGswzB','投擲',0,16,'[\"G\"]',2,'2010-10-13 01:42:43','2010-10-13 01:42:43'),(40,'uVVa1GWQgC','アイスボルト',0,16,'[]',3,'2010-10-13 01:42:43','2010-10-13 01:42:43'),(41,'K3QJFjkqnR','ファイアボルト',0,16,'[]',3,'2010-10-13 01:42:43','2010-10-13 01:42:43'),(42,'q9XoHqZNhI','ライトニングボルト',0,16,'[]',3,'2010-10-13 01:42:43','2010-10-13 01:42:43'),(43,'Z0htqYaMOH','アイススピア',0,16,'[]',3,'2010-10-13 01:42:43','2010-10-13 01:42:43'),(44,'RXahmRIG21','ファイアボール',0,16,'[]',3,'2010-10-13 01:42:43','2010-10-13 01:42:43'),(45,'Dt0M5W5iVe','サンダー',0,16,'[]',3,'2010-10-13 01:42:43','2010-10-13 01:42:43'),(46,'e6EaZVlBpa','ブレイズ',0,16,'[]',3,'2010-10-13 01:42:43','2010-10-13 01:42:43'),(47,'tMcylAi9iJ','マジックマスタリ',0,16,'[]',3,'2010-10-13 01:42:43','2010-10-13 01:42:43'),(48,'vYam3OpNgR','ヒーリング',0,16,'[]',3,'2010-10-13 01:42:43','2010-10-13 01:42:43'),(49,'HiQogY6iBd','パーティヒーリング',0,16,'[]',3,'2010-10-13 01:42:43','2010-10-13 01:42:43'),(50,'6xgdsDBPWY','エンチャント',0,16,'[]',3,'2010-10-13 01:42:43','2010-10-13 01:42:43'),(51,'4cn4vsedY0','マナシールド',0,10,'[]',3,'2010-10-13 01:42:43','2010-10-13 01:42:43'),(52,'VQPaphoMwM','ナチュラルマジックシールド',0,10,'[]',3,'2010-10-13 01:42:43','2010-10-13 01:42:43'),(53,'zxJeEWWTLE','アイスマジックシールド',0,10,'[]',3,'2010-10-13 01:42:43','2010-10-13 01:42:43'),(54,'L5v5Xl3shr','ファイアマジックシールド',0,10,'[]',3,'2010-10-13 01:42:43','2010-10-13 01:42:43'),(55,'IAuX4HgXs9','ライトニングマジックシールド',0,10,'[]',3,'2010-10-13 01:42:43','2010-10-13 01:42:43'),(56,'oChYhIplkA','アルケミマスタリ',0,16,'[]',4,'2010-10-13 01:42:43','2010-10-13 01:42:43'),(57,'YBKE497qO1','合成',0,10,'[]',4,'2010-10-13 01:42:43','2010-10-13 01:42:43'),(58,'LxLCNjvOIM','分解',0,10,'[]',4,'2010-10-13 01:42:43','2010-10-13 01:42:43'),(59,'XkFWaWapB8','金属変換',0,16,'[]',4,'2010-10-13 01:42:43','2010-10-13 01:42:43'),(60,'jGpgHK1I0X','マナフォーミング',0,16,'[]',4,'2010-10-13 01:42:43','2010-10-13 01:42:43'),(61,'EaEUJL8hDF','ゴーレム錬成',0,16,'[]',4,'2010-10-13 01:42:43','2010-10-13 01:42:43'),(62,'jPgiJQvzRx','防護壁',0,16,'[]',4,'2010-10-13 01:42:43','2010-10-13 01:42:43'),(63,'OxOjy841NZ','ライフドレイン',0,16,'[]',4,'2010-10-13 01:42:43','2010-10-13 01:42:43'),(64,'eyDxTbmwqV','ウォーターキャノン',0,16,'[]',4,'2010-10-13 01:42:43','2010-10-13 01:42:43'),(65,'pi1HoICsnw','ウィンドブラスト',0,10,'[]',4,'2010-10-13 01:42:43','2010-10-13 01:42:43'),(66,'ceUMzpxBXJ','フレイマー',0,16,'[]',4,'2010-10-13 01:42:43','2010-10-13 01:42:43'),(67,'TGQUdKLWfP','サンドバースト',0,10,'[]',4,'2010-10-13 01:42:43','2010-10-13 01:42:43'),(68,'KLsWw2shog','フローズンブラスト',0,16,'[]',4,'2010-10-13 01:42:43','2010-10-13 01:42:43'),(69,'w9oIfXoCTs','レインキャスティング',0,16,'[]',4,'2010-10-13 01:42:43','2010-10-13 01:42:43'),(70,'y1rnBwnGnh','スパーク',0,16,'[]',4,'2010-10-13 01:42:43','2010-10-13 01:42:43'),(71,'WwX677trc5','ヒートバスター',0,16,'[]',4,'2010-10-13 01:42:43','2010-10-13 01:42:43'),(72,'6ewQBLo6Fk','チェーンシリンダー',0,16,'[]',4,'2010-10-13 01:42:43','2010-10-13 01:42:43'),(73,'sHEtjXiuvS','スピリットオブオーダー',0,15,'[\"H\"]',5,'2010-10-13 01:42:43','2010-10-13 01:42:43'),(74,'Vn12LKG2W6','パワーオブオーダー',0,15,'[\"H\"]',5,'2010-10-13 01:42:43','2010-10-13 01:42:43'),(75,'1nQoXNqa6K','アイオブオーダー',0,15,'[\"H\"]',5,'2010-10-13 01:42:43','2010-10-13 01:42:43'),(76,'C8EOMYNJgT','ソードオブオーダー',0,15,'[\"H\"]',5,'2010-10-13 01:42:43','2010-10-13 01:42:43'),(77,'nJUXEYKnt1','パラディンヘビースタンダー',0,15,'[\"H\"]',5,'2010-10-13 01:42:43','2010-10-13 01:42:43'),(78,'JIcgveRIFx','パラディンナチュラルシールド',0,15,'[\"H\"]',5,'2010-10-13 01:42:43','2010-10-13 01:42:43'),(79,'5BNaVggRPW','パラディンマナリフレクター',0,15,'[\"H\"]',5,'2010-10-13 01:42:43','2010-10-13 01:42:43'),(80,'OgN2iA4XW6','ソウルオブカオス',0,15,'[\"H\"]',6,'2010-10-13 01:42:43','2010-10-13 01:42:43'),(81,'aa0fCRunc7','コントロールオブダークネス',0,15,'[\"H\"]',6,'2010-10-13 01:42:43','2010-10-13 01:42:43'),(82,'j4RGi5DDZk','ボディーオブカオス',0,15,'[\"H\"]',6,'2010-10-13 01:42:43','2010-10-13 01:42:43'),(83,'XH5Jt5GYym','ハンズオブカオス',0,15,'[\"H\"]',6,'2010-10-13 01:42:43','2010-10-13 01:42:43'),(84,'kQU0BUzpgc','ブレインオブカオス',0,15,'[\"H\"]',6,'2010-10-13 01:42:43','2010-10-13 01:42:43'),(85,'CFDFqKeVVP','ダークヘビースタンダー',0,15,'[\"H\"]',6,'2010-10-13 01:42:43','2010-10-13 01:42:43'),(86,'3aFiC9ida8','ダークナチュラルシールド',0,15,'[\"H\"]',6,'2010-10-13 01:42:43','2010-10-13 01:42:43'),(87,'ggULCpNWgO','ダークマナリフレクター',0,15,'[\"H\"]',6,'2010-10-13 01:42:43','2010-10-13 01:42:43'),(88,'JL7Qo33ZVl','ヒューリーオブコンヌース',0,15,'[\"E\"]',7,'2010-10-13 01:42:43','2010-10-13 01:42:43'),(89,'aT7It8vU5Z','エルブンマジックミサイル',0,15,'[\"E\"]',7,'2010-10-13 01:42:43','2010-10-13 01:42:43'),(90,'qsJiEFaAMI','アーマーオブコンヌース',0,15,'[\"E\"]',7,'2010-10-13 01:42:43','2010-10-13 01:42:43'),(91,'b3yvdRscO2','マインドオブコンヌース',0,15,'[\"E\"]',7,'2010-10-13 01:42:43','2010-10-13 01:42:43'),(92,'l5t5FcrRaP','シャープネスオブコンヌース',0,15,'[\"E\"]',7,'2010-10-13 01:42:43','2010-10-13 01:42:43'),(93,'GJqJ3L2mJa','コンヌースヘビースタンダー',0,15,'[\"E\"]',7,'2010-10-13 01:42:43','2010-10-13 01:42:43'),(94,'szkcetRRfL','コンヌースナチュラルシールド',0,15,'[\"E\"]',7,'2010-10-13 01:42:43','2010-10-13 01:42:43'),(95,'lqlDArZctb','コンヌースマナリフレクター',0,15,'[\"E\"]',7,'2010-10-13 01:42:43','2010-10-13 01:42:43'),(96,'HDnDp0LCzW','デーモンオブピシス',0,15,'[\"G\"]',7,'2010-10-13 01:42:43','2010-10-13 01:42:43'),(97,'3r0Xcc7bRc','ジャイアントフルスイング',0,15,'[\"G\"]',7,'2010-10-13 01:42:43','2010-10-13 01:42:43'),(98,'KOg9X1Ux2F','シールドオブピシス',0,15,'[\"G\"]',7,'2010-10-13 01:42:43','2010-10-13 01:42:43'),(99,'XXVvWppqwH','スペルオブピシス',0,15,'[\"G\"]',7,'2010-10-13 01:42:43','2010-10-13 01:42:43'),(100,'DdKORoHcn2','ライフオブピシス',0,15,'[\"G\"]',7,'2010-10-13 01:42:43','2010-10-13 01:42:43'),(101,'5llzSKG43R','ピシスヘビースタンダー',0,15,'[\"G\"]',7,'2010-10-13 01:42:43','2010-10-13 01:42:43'),(102,'USeKSiKn1Z','ピシスナチュラルシールド',0,15,'[\"G\"]',7,'2010-10-13 01:42:43','2010-10-13 01:42:43'),(103,'mRAMDajFQN','ピシスマナリフレクター',0,15,'[\"G\"]',7,'2010-10-13 01:42:43','2010-10-13 01:42:43'),(104,'vofA3yruNy','光の覚醒',0,15,'[]',8,'2010-10-13 01:42:43','2010-10-13 01:42:43'),(105,'hltXqTdKy2','スピアオブライト',0,15,'[]',8,'2010-10-13 01:42:43','2010-10-13 01:42:43'),(106,'U4Kjaw9EAO','ヒューリーオブライト',0,15,'[]',8,'2010-10-13 01:42:43','2010-10-13 01:42:43'),(107,'fK98mlSzS9','シャドウオブスピリット',0,15,'[]',8,'2010-10-13 01:42:43','2010-10-13 01:42:43'),(108,'xWEqlyZZQr','イクリプスオブウィングス',0,15,'[]',8,'2010-10-13 01:42:43','2010-10-13 01:42:43'),(109,'vij6iSSCCi','レイジオブウィングス',0,15,'[]',8,'2010-10-13 01:42:43','2010-10-13 01:42:43');
/*!40000 ALTER TABLE `skill` ENABLE KEYS */;
UNLOCK TABLES;

--
-- Table structure for table `user`
--

DROP TABLE IF EXISTS `user`;
/*!40101 SET @saved_cs_client     = @@character_set_client */;
/*!40101 SET character_set_client = utf8 */;
CREATE TABLE `user` (
  `id` int(10) unsigned NOT NULL AUTO_INCREMENT COMMENT 'ID',
  `rid` varchar(10) CHARACTER SET utf8 COLLATE utf8_bin NOT NULL COMMENT 'RID',
  `login_id` varchar(255) NOT NULL COMMENT 'ログインID',
  `password` varchar(255) NOT NULL COMMENT 'パスワード',
  `email` varchar(255) DEFAULT NULL COMMENT 'メールアドレス',
  `name` varchar(32) NOT NULL COMMENT 'ユーザー名',
  `status` enum('private','public','deleted') DEFAULT 'private' COMMENT 'ステータス',
  `created_at` datetime DEFAULT NULL COMMENT '作成日',
  `updated_at` datetime DEFAULT NULL COMMENT '更新日',
  PRIMARY KEY (`id`),
  UNIQUE KEY `user_rid` (`rid`)
) ENGINE=InnoDB AUTO_INCREMENT=2 DEFAULT CHARSET=utf8;
/*!40101 SET character_set_client = @saved_cs_client */;

--
-- Dumping data for table `user`
--

LOCK TABLES `user` WRITE;
/*!40000 ALTER TABLE `user` DISABLE KEYS */;
INSERT INTO `user` VALUES (1,'g32wMoKMQT','takuji31','takuji','takuji@senchan.jp','扇花','private','2010-10-20 21:56:28','2010-10-20 21:56:28');
/*!40000 ALTER TABLE `user` ENABLE KEYS */;
UNLOCK TABLES;
/*!40103 SET TIME_ZONE=@OLD_TIME_ZONE */;

/*!40101 SET SQL_MODE=@OLD_SQL_MODE */;
/*!40014 SET FOREIGN_KEY_CHECKS=@OLD_FOREIGN_KEY_CHECKS */;
/*!40014 SET UNIQUE_CHECKS=@OLD_UNIQUE_CHECKS */;
/*!40101 SET CHARACTER_SET_CLIENT=@OLD_CHARACTER_SET_CLIENT */;
/*!40101 SET CHARACTER_SET_RESULTS=@OLD_CHARACTER_SET_RESULTS */;
/*!40101 SET COLLATION_CONNECTION=@OLD_COLLATION_CONNECTION */;
/*!40111 SET SQL_NOTES=@OLD_SQL_NOTES */;

-- Dump completed on 2010-11-03  9:23:47
